"","word","frequency","year","position","country","song"
"1","buck",8,2018,"first","Israel","Toy"
"2","hey",8,2018,"first","Israel","Toy"
"3","mhm",6,2018,"first","Israel","Toy"
"4","i’m",4,2018,"first","Israel","Toy"
"5","boy",3,2018,"first","Israel","Toy"
"6","bucka",3,2018,"first","Israel","Toy"
"7","hm",3,2018,"first","Israel","Toy"
"8","la",3,2018,"first","Israel","Toy"
"9","ouch",3,2018,"first","Israel","Toy"
"10","pam",3,2018,"first","Israel","Toy"
"11","ree",3,2018,"first","Israel","Toy"
"12","stupid",3,2018,"first","Israel","Toy"
"13","toy",3,2018,"first","Israel","Toy"
"14","don’t",2,2018,"first","Israel","Toy"
"15","he’s",2,2018,"first","Israel","Toy"
"16","hoo",2,2018,"first","Israel","Toy"
"17","pa",2,2018,"first","Israel","Toy"
"18","you’re",2,2018,"first","Israel","Toy"
"19","283pts",1,2018,"first","Israel","Toy"
"20","baka",1,2018,"first","Israel","Toy"
"21","barbie",1,2018,"first","Israel","Toy"
"22","bear’s",1,2018,"first","Israel","Toy"
"23","beat",1,2018,"first","Israel","Toy"
"24","beautiful",1,2018,"first","Israel","Toy"
"25","boys",1,2018,"first","Israel","Toy"
"26","care",1,2018,"first","Israel","Toy"
"27","creature",1,2018,"first","Israel","Toy"
"28","dancing",1,2018,"first","Israel","Toy"
"29","divine",1,2018,"first","Israel","Toy"
"30","dolls",1,2018,"first","Israel","Toy"
"31","final",1,2018,"first","Israel","Toy"
"32","forget",1,2018,"first","Israel","Toy"
"33","forgot",1,2018,"first","Israel","Toy"
"34","home",1,2018,"first","Israel","Toy"
"35","i’ll",1,2018,"first","Israel","Toy"
"36","leave",1,2018,"first","Israel","Toy"
"37","mada",1,2018,"first","Israel","Toy"
"38","modern",1,2018,"first","Israel","Toy"
"39","noise",1,2018,"first","Israel","Toy"
"40","phone",1,2018,"first","Israel","Toy"
"41","pikachu",1,2018,"first","Israel","Toy"
"42","play",1,2018,"first","Israel","Toy"
"43","preachers",1,2018,"first","Israel","Toy"
"44","regret",1,2018,"first","Israel","Toy"
"45","running",1,2018,"first","Israel","Toy"
"46","semi",1,2018,"first","Israel","Toy"
"47","simon",1,2018,"first","Israel","Toy"
"48","smart",1,2018,"first","Israel","Toy"
"49","taking",1,2018,"first","Israel","Toy"
"50","teach",1,2018,"first","Israel","Toy"
"51","teddy",1,2018,"first","Israel","Toy"
"52","time",1,2018,"first","Israel","Toy"
"53","turram",1,2018,"first","Israel","Toy"
"54","watch",1,2018,"first","Israel","Toy"
"55","woman",1,2018,"first","Israel","Toy"
"56","ain’t",6,2018,"last","Finland","Monsters"
"57","i’m",5,2018,"last","Finland","Monsters"
"58","gonna",3,2018,"last","Finland","Monsters"
"59","scared",3,2018,"last","Finland","Monsters"
"60","ready",2,2018,"last","Finland","Monsters"
"61","108pts",1,2018,"last","Finland","Monsters"
"62","anymore",1,2018,"last","Finland","Monsters"
"63","army",1,2018,"last","Finland","Monsters"
"64","bed",1,2018,"last","Finland","Monsters"
"65","closed",1,2018,"last","Finland","Monsters"
"66","couldn’t",1,2018,"last","Finland","Monsters"
"67","creatures",1,2018,"last","Finland","Monsters"
"68","demons",1,2018,"last","Finland","Monsters"
"69","dice",1,2018,"last","Finland","Monsters"
"70","eyes",1,2018,"last","Finland","Monsters"
"71","feel",1,2018,"last","Finland","Monsters"
"72","final",1,2018,"last","Finland","Monsters"
"73","found",1,2018,"last","Finland","Monsters"
"74","friends",1,2018,"last","Finland","Monsters"
"75","hiding",1,2018,"last","Finland","Monsters"
"76","hold",1,2018,"last","Finland","Monsters"
"77","it’s",1,2018,"last","Finland","Monsters"
"78","lead",1,2018,"last","Finland","Monsters"
"79","life",1,2018,"last","Finland","Monsters"
"80","light",1,2018,"last","Finland","Monsters"
"81","monsters",1,2018,"last","Finland","Monsters"
"82","numb",1,2018,"last","Finland","Monsters"
"83","roll",1,2018,"last","Finland","Monsters"
"84","scare",1,2018,"last","Finland","Monsters"
"85","semi",1,2018,"last","Finland","Monsters"
"86","strong",1,2018,"last","Finland","Monsters"
"87","tear",1,2018,"last","Finland","Monsters"
"88","tonight",1,2018,"last","Finland","Monsters"
"89","walls",1,2018,"last","Finland","Monsters"
"90","worst",1,2018,"last","Finland","Monsters"
"91","mess",4,2017,"first","Bulgaria","Beautiful Mess"
"92","love",3,2017,"first","Bulgaria","Beautiful Mess"
"93","untouchable",3,2017,"first","Bulgaria","Beautiful Mess"
"94","beautiful",2,2017,"first","Bulgaria","Beautiful Mess"
"95","breathe",2,2017,"first","Bulgaria","Beautiful Mess"
"96","climb",2,2017,"first","Bulgaria","Beautiful Mess"
"97","deep",2,2017,"first","Bulgaria","Beautiful Mess"
"98","don’t",2,2017,"first","Bulgaria","Beautiful Mess"
"99","stay",2,2017,"first","Bulgaria","Beautiful Mess"
"100","tonight",2,2017,"first","Bulgaria","Beautiful Mess"
"101","water",2,2017,"first","Bulgaria","Beautiful Mess"
"102","403pts",1,2017,"first","Bulgaria","Beautiful Mess"
"103","black",1,2017,"first","Bulgaria","Beautiful Mess"
"104","colours",1,2017,"first","Bulgaria","Beautiful Mess"
"105","fade",1,2017,"first","Bulgaria","Beautiful Mess"
"106","final",1,2017,"first","Bulgaria","Beautiful Mess"
"107","fire",1,2017,"first","Bulgaria","Beautiful Mess"
"108","grey",1,2017,"first","Bulgaria","Beautiful Mess"
"109","heads",1,2017,"first","Bulgaria","Beautiful Mess"
"110","lights",1,2017,"first","Bulgaria","Beautiful Mess"
"111","line",1,2017,"first","Bulgaria","Beautiful Mess"
"112","lose",1,2017,"first","Bulgaria","Beautiful Mess"
"113","matter",1,2017,"first","Bulgaria","Beautiful Mess"
"114","semi",1,2017,"first","Bulgaria","Beautiful Mess"
"115","wall",1,2017,"first","Bulgaria","Beautiful Mess"
"116","we’re",1,2017,"first","Bulgaria","Beautiful Mess"
"117","wire",1,2017,"first","Bulgaria","Beautiful Mess"
"118","lover",32,2017,"last","Spain","Do It for Your Lover"
"119","baby",8,2017,"last","Spain","Do It for Your Lover"
"120","clap",8,2017,"last","Spain","Do It for Your Lover"
"121","hands",8,2017,"last","Spain","Do It for Your Lover"
"122","love",8,2017,"last","Spain","Do It for Your Lover"
"123","care",4,2017,"last","Spain","Do It for Your Lover"
"124","así",2,2017,"last","Spain","Do It for Your Lover"
"125","la",2,2017,"last","Spain","Do It for Your Lover"
"126","5pts",1,2017,"last","Spain","Do It for Your Lover"
"127","ahí",1,2017,"last","Spain","Do It for Your Lover"
"128","cierres",1,2017,"last","Spain","Do It for Your Lover"
"129","close",1,2017,"last","Spain","Do It for Your Lover"
"130","coge",1,2017,"last","Spain","Do It for Your Lover"
"131","deja",1,2017,"last","Spain","Do It for Your Lover"
"132","desaparezcan",1,2017,"last","Spain","Do It for Your Lover"
"133","disappear",1,2017,"last","Spain","Do It for Your Lover"
"134","dolor",1,2017,"last","Spain","Do It for Your Lover"
"135","don’t",1,2017,"last","Spain","Do It for Your Lover"
"136","door",1,2017,"last","Spain","Do It for Your Lover"
"137","el",1,2017,"last","Spain","Do It for Your Lover"
"138","esa",1,2017,"last","Spain","Do It for Your Lover"
"139","final",1,2017,"last","Spain","Do It for Your Lover"
"140","fly",1,2017,"last","Spain","Do It for Your Lover"
"141","grito",1,2017,"last","Spain","Do It for Your Lover"
"142","hand",1,2017,"last","Spain","Do It for Your Lover"
"143","it’s",1,2017,"last","Spain","Do It for Your Lover"
"144","los",1,2017,"last","Spain","Do It for Your Lover"
"145","mano",1,2017,"last","Spain","Do It for Your Lover"
"146","mi",1,2017,"last","Spain","Do It for Your Lover"
"147","pain",1,2017,"last","Spain","Do It for Your Lover"
"148","pega",1,2017,"last","Spain","Do It for Your Lover"
"149","pena",1,2017,"last","Spain","Do It for Your Lover"
"150","por",1,2017,"last","Spain","Do It for Your Lover"
"151","puerta",1,2017,"last","Spain","Do It for Your Lover"
"152","sadness",1,2017,"last","Spain","Do It for Your Lover"
"153","sal",1,2017,"last","Spain","Do It for Your Lover"
"154","shout",1,2017,"last","Spain","Do It for Your Lover"
"155","siempre",1,2017,"last","Spain","Do It for Your Lover"
"156","tristeza",1,2017,"last","Spain","Do It for Your Lover"
"157","tuyos",1,2017,"last","Spain","Do It for Your Lover"
"158","vale",1,2017,"last","Spain","Do It for Your Lover"
"159","verás",1,2017,"last","Spain","Do It for Your Lover"
"160","vuela",1,2017,"last","Spain","Do It for Your Lover"
"161","worth",1,2017,"last","Spain","Do It for Your Lover"
"162","you’ll",1,2017,"last","Spain","Do It for Your Lover"
"163","couldn’t",14,2016,"first","Ukraine","1944"
"164","spend",12,2016,"first","Ukraine","1944"
"165","youth",12,2016,"first","Ukraine","1944"
"166","peace",10,2016,"first","Ukraine","1944"
"167","time",8,2016,"first","Ukraine","1944"
"168","dies",7,2016,"first","Ukraine","1944"
"169","don’t",7,2016,"first","Ukraine","1944"
"170","gods",7,2016,"first","Ukraine","1944"
"171","humanity",7,2016,"first","Ukraine","1944"
"172","soul",7,2016,"first","Ukraine","1944"
"173","souls",7,2016,"first","Ukraine","1944"
"174","swallow",7,2016,"first","Ukraine","1944"
"175","bu",4,2016,"first","Ukraine","1944"
"176","build",4,2016,"first","Ukraine","1944"
"177","free",4,2016,"first","Ukraine","1944"
"178","future",4,2016,"first","Ukraine","1944"
"179","happiest",4,2016,"first","Ukraine","1944"
"180","heart",4,2016,"first","Ukraine","1944"
"181","live",4,2016,"first","Ukraine","1944"
"182","love",4,2016,"first","Ukraine","1944"
"183","people",4,2016,"first","Ukraine","1944"
"184","rise",4,2016,"first","Ukraine","1944"
"185","toyalmadım",4,2016,"first","Ukraine","1944"
"186","yaşalmadım",4,2016,"first","Ukraine","1944"
"187","yaşlığıma",4,2016,"first","Ukraine","1944"
"188","yerde",4,2016,"first","Ukraine","1944"
"189","бу",4,2016,"first","Ukraine","1944"
"190","ерде",4,2016,"first","Ukraine","1944"
"191","мен",4,2016,"first","Ukraine","1944"
"192","тоялмадым",4,2016,"first","Ukraine","1944"
"193","яшалмадым",4,2016,"first","Ukraine","1944"
"194","яшлыгъыма",4,2016,"first","Ukraine","1944"
"195","cries",3,2016,"first","Ukraine","1944"
"196","mind",3,2016,"first","Ukraine","1944"
"197","ooh",3,2016,"first","Ukraine","1944"
"198","enjoy",2,2016,"first","Ukraine","1944"
"199","guilty",2,2016,"first","Ukraine","1944"
"200","motherland",2,2016,"first","Ukraine","1944"
"201","287pts",1,2016,"first","Ukraine","1944"
"202","coming",1,2016,"first","Ukraine","1944"
"203","final",1,2016,"first","Ukraine","1944"
"204","house",1,2016,"first","Ukraine","1944"
"205","kill",1,2016,"first","Ukraine","1944"
"206","semi",1,2016,"first","Ukraine","1944"
"207","strangers",1,2016,"first","Ukraine","1944"
"208","translationwhen",1,2016,"first","Ukraine","1944"
"209","we’re",1,2016,"first","Ukraine","1944"
"210","у",1,2016,"first","Ukraine","1944"
"211","love",7,2016,"last","Germany","Ghost"
"212","ghost",4,2016,"last","Germany","Ghost"
"213","life",3,2016,"last","Germany","Ghost"
"214","alternate",2,2016,"last","Germany","Ghost"
"215","can’t",2,2016,"last","Germany","Ghost"
"216","chest",2,2016,"last","Germany","Ghost"
"217","don’t",2,2016,"last","Germany","Ghost"
"218","figure",2,2016,"last","Germany","Ghost"
"219","haunting",2,2016,"last","Germany","Ghost"
"220","hid",2,2016,"last","Germany","Ghost"
"221","key",2,2016,"last","Germany","Ghost"
"222","lifetime",2,2016,"last","Germany","Ghost"
"223","live",2,2016,"last","Germany","Ghost"
"224","miss",2,2016,"last","Germany","Ghost"
"225","money",2,2016,"last","Germany","Ghost"
"226","scared",2,2016,"last","Germany","Ghost"
"227","wait",2,2016,"last","Germany","Ghost"
"228","we’re",2,2016,"last","Germany","Ghost"
"229","who’s",2,2016,"last","Germany","Ghost"
"230","won’t",2,2016,"last","Germany","Ghost"
"231","11",1,2016,"last","Germany","Ghost"
"232","bring",1,2016,"last","Germany","Ghost"
"233","change",1,2016,"last","Germany","Ghost"
"234","changed",1,2016,"last","Germany","Ghost"
"235","crowded",1,2016,"last","Germany","Ghost"
"236","final",1,2016,"last","Germany","Ghost"
"237","forever",1,2016,"last","Germany","Ghost"
"238","held",1,2016,"last","Germany","Ghost"
"239","house",1,2016,"last","Germany","Ghost"
"240","lonely",1,2016,"last","Germany","Ghost"
"241","pieces",1,2016,"last","Germany","Ghost"
"242","playing",1,2016,"last","Germany","Ghost"
"243","sweep",1,2016,"last","Germany","Ghost"
"244","tight",1,2016,"last","Germany","Ghost"
"245","touch",1,2016,"last","Germany","Ghost"
"246","walls",1,2016,"last","Germany","Ghost"
"247","heroes",4,2015,"first","Sweden","Heroes"
"248","dancing",2,2015,"first","Sweden","Heroes"
"249","demons",2,2015,"first","Sweden","Heroes"
"250","left",2,2015,"first","Sweden","Heroes"
"251","minds",2,2015,"first","Sweden","Heroes"
"252","time",2,2015,"first","Sweden","Heroes"
"253","we’re",2,2015,"first","Sweden","Heroes"
"254","whoa",2,2015,"first","Sweden","Heroes"
"255","217pts",1,2015,"first","Sweden","Heroes"
"256","anthem",1,2015,"first","Sweden","Heroes"
"257","can’t",1,2015,"first","Sweden","Heroes"
"258","cover",1,2015,"first","Sweden","Heroes"
"259","don’t",1,2015,"first","Sweden","Heroes"
"260","dry",1,2015,"first","Sweden","Heroes"
"261","eyes",1,2015,"first","Sweden","Heroes"
"262","final",1,2015,"first","Sweden","Heroes"
"263","fire",1,2015,"first","Sweden","Heroes"
"264","forever",1,2015,"first","Sweden","Heroes"
"265","gods",1,2015,"first","Sweden","Heroes"
"266","gun",1,2015,"first","Sweden","Heroes"
"267","heard",1,2015,"first","Sweden","Heroes"
"268","hero",1,2015,"first","Sweden","Heroes"
"269","hummingbird",1,2015,"first","Sweden","Heroes"
"270","i’m",1,2015,"first","Sweden","Heroes"
"271","let’s",1,2015,"first","Sweden","Heroes"
"272","life",1,2015,"first","Sweden","Heroes"
"273","live",1,2015,"first","Sweden","Heroes"
"274","mess",1,2015,"first","Sweden","Heroes"
"275","run",1,2015,"first","Sweden","Heroes"
"276","semi",1,2015,"first","Sweden","Heroes"
"277","sing",1,2015,"first","Sweden","Heroes"
"278","son",1,2015,"first","Sweden","Heroes"
"279","tomorrow",1,2015,"first","Sweden","Heroes"
"280","undo",1,2015,"first","Sweden","Heroes"
"281","we’re",5,2015,"last","Germany","Black Smoke"
"282","left",4,2015,"last","Germany","Black Smoke"
"283","smoke",4,2015,"last","Germany","Black Smoke"
"284","don’t",3,2015,"last","Germany","Black Smoke"
"285","hard",3,2015,"last","Germany","Black Smoke"
"286","black",2,2015,"last","Germany","Black Smoke"
"287","can’t",2,2015,"last","Germany","Black Smoke"
"288","it’s",2,2015,"last","Germany","Black Smoke"
"289","0pts",1,2015,"last","Germany","Black Smoke"
"290","baby",1,2015,"last","Germany","Black Smoke"
"291","burn",1,2015,"last","Germany","Black Smoke"
"292","call",1,2015,"last","Germany","Black Smoke"
"293","change",1,2015,"last","Germany","Black Smoke"
"294","fighting",1,2015,"last","Germany","Black Smoke"
"295","final",1,2015,"last","Germany","Black Smoke"
"296","flame",1,2015,"last","Germany","Black Smoke"
"297","fooling",1,2015,"last","Germany","Black Smoke"
"298","head",1,2015,"last","Germany","Black Smoke"
"299","heart",1,2015,"last","Germany","Black Smoke"
"300","hearts",1,2015,"last","Germany","Black Smoke"
"301","hold",1,2015,"last","Germany","Black Smoke"
"302","leave",1,2015,"last","Germany","Black Smoke"
"303","pretend",1,2015,"last","Germany","Black Smoke"
"304","read",1,2015,"last","Germany","Black Smoke"
"305","remains",1,2015,"last","Germany","Black Smoke"
"306","return",1,2015,"last","Germany","Black Smoke"
"307","running",1,2015,"last","Germany","Black Smoke"
"308","supposed",1,2015,"last","Germany","Black Smoke"
"309","talk",1,2015,"last","Germany","Black Smoke"
"310","there’s",1,2015,"last","Germany","Black Smoke"
"311","truth",1,2015,"last","Germany","Black Smoke"
"312","walk",1,2015,"last","Germany","Black Smoke"
"313","what’s",1,2015,"last","Germany","Black Smoke"
"314","words",1,2015,"last","Germany","Black Smoke"
"315","you’d",1,2015,"last","Germany","Black Smoke"
"316","you’re",1,2015,"last","Germany","Black Smoke"
"317","fading",2,2014,"first","Austria","Rise Like a Phoenix"
"318","fly",2,2014,"first","Austria","Rise Like a Phoenix"
"319","i’m",2,2014,"first","Austria","Rise Like a Phoenix"
"320","light",2,2014,"first","Austria","Rise Like a Phoenix"
"321","phoenix",2,2014,"first","Austria","Rise Like a Phoenix"
"322","rise",2,2014,"first","Austria","Rise Like a Phoenix"
"323","wouldn’t",2,2014,"first","Austria","Rise Like a Phoenix"
"324","you’re",2,2014,"first","Austria","Rise Like a Phoenix"
"325","169pts",1,2014,"first","Austria","Rise Like a Phoenix"
"326","act",1,2014,"first","Austria","Rise Like a Phoenix"
"327","ashes",1,2014,"first","Austria","Rise Like a Phoenix"
"328","business",1,2014,"first","Austria","Rise Like a Phoenix"
"329","final",1,2014,"first","Austria","Rise Like a Phoenix"
"330","flame",1,2014,"first","Austria","Rise Like a Phoenix"
"331","free",1,2014,"first","Austria","Rise Like a Phoenix"
"332","glass",1,2014,"first","Austria","Rise Like a Phoenix"
"333","isn’t",1,2014,"first","Austria","Rise Like a Phoenix"
"334","mirror",1,2014,"first","Austria","Rise Like a Phoenix"
"335","nearer",1,2014,"first","Austria","Rise Like a Phoenix"
"336","neighbours",1,2014,"first","Austria","Rise Like a Phoenix"
"337","passed",1,2014,"first","Austria","Rise Like a Phoenix"
"338","peering",1,2014,"first","Austria","Rise Like a Phoenix"
"339","person",1,2014,"first","Austria","Rise Like a Phoenix"
"340","reborn",1,2014,"first","Austria","Rise Like a Phoenix"
"341","retribution",1,2014,"first","Austria","Rise Like a Phoenix"
"342","rubble",1,2014,"first","Austria","Rise Like a Phoenix"
"343","seeking",1,2014,"first","Austria","Rise Like a Phoenix"
"344","semi",1,2014,"first","Austria","Rise Like a Phoenix"
"345","stranger",1,2014,"first","Austria","Rise Like a Phoenix"
"346","time",1,2014,"first","Austria","Rise Like a Phoenix"
"347","transformed",1,2014,"first","Austria","Rise Like a Phoenix"
"348","trouble",1,2014,"first","Austria","Rise Like a Phoenix"
"349","vengeance",1,2014,"first","Austria","Rise Like a Phoenix"
"350","waking",1,2014,"first","Austria","Rise Like a Phoenix"
"351","walking",1,2014,"first","Austria","Rise Like a Phoenix"
"352","warned",1,2014,"first","Austria","Rise Like a Phoenix"
"353","we’re",1,2014,"first","Austria","Rise Like a Phoenix"
"354","witnessed",1,2014,"first","Austria","Rise Like a Phoenix"
"355","gonna",16,2014,"last","Slovenia","Round and Round"
"356","i’m",16,2014,"last","Slovenia","Round and Round"
"357","round",16,2014,"last","Slovenia","Round and Round"
"358","don’t",8,2014,"last","Slovenia","Round and Round"
"359","feel",6,2014,"last","Slovenia","Round and Round"
"360","breathe",4,2014,"last","Slovenia","Round and Round"
"361","hand",4,2014,"last","Slovenia","Round and Round"
"362","heart",4,2014,"last","Slovenia","Round and Round"
"363","hold",4,2014,"last","Slovenia","Round and Round"
"364","live",4,2014,"last","Slovenia","Round and Round"
"365","understand",4,2014,"last","Slovenia","Round and Round"
"366","yeah",4,2014,"last","Slovenia","Round and Round"
"367","can’t",2,2014,"last","Slovenia","Round and Round"
"368","change",2,2014,"last","Slovenia","Round and Round"
"369","changing",2,2014,"last","Slovenia","Round and Round"
"370","circle",2,2014,"last","Slovenia","Round and Round"
"371","feed",2,2014,"last","Slovenia","Round and Round"
"372","hate",2,2014,"last","Slovenia","Round and Round"
"373","inside",2,2014,"last","Slovenia","Round and Round"
"374","isn’t",2,2014,"last","Slovenia","Round and Round"
"375","lie",2,2014,"last","Slovenia","Round and Round"
"376","life",2,2014,"last","Slovenia","Round and Round"
"377","living",2,2014,"last","Slovenia","Round and Round"
"378","love",2,2014,"last","Slovenia","Round and Round"
"379","moment",2,2014,"last","Slovenia","Round and Round"
"380","play",2,2014,"last","Slovenia","Round and Round"
"381","pride",2,2014,"last","Slovenia","Round and Round"
"382","repeat",2,2014,"last","Slovenia","Round and Round"
"383","roses",2,2014,"last","Slovenia","Round and Round"
"384","song",2,2014,"last","Slovenia","Round and Round"
"385","we’re",2,2014,"last","Slovenia","Round and Round"
"386","52pts",1,2014,"last","Slovenia","Round and Round"
"387","final",1,2014,"last","Slovenia","Round and Round"
"388","semi",1,2014,"last","Slovenia","Round and Round"
"389","i’m",16,2011,"first","Azerbaijan","Running Scared"
"390","running",8,2011,"first","Azerbaijan","Running Scared"
"391","scared",8,2011,"first","Azerbaijan","Running Scared"
"392","god",4,2011,"first","Azerbaijan","Running Scared"
"393","tonight",4,2011,"first","Azerbaijan","Running Scared"
"394","adore",3,2011,"first","Azerbaijan","Running Scared"
"395","breathing",3,2011,"first","Azerbaijan","Running Scared"
"396","life",2,2011,"first","Azerbaijan","Running Scared"
"397","122pts",1,2011,"first","Azerbaijan","Running Scared"
"398","baby",1,2011,"first","Azerbaijan","Running Scared"
"399","bit",1,2011,"first","Azerbaijan","Running Scared"
"400","darling",1,2011,"first","Azerbaijan","Running Scared"
"401","final",1,2011,"first","Azerbaijan","Running Scared"
"402","forever",1,2011,"first","Azerbaijan","Running Scared"
"403","left",1,2011,"first","Azerbaijan","Running Scared"
"404","rest",1,2011,"first","Azerbaijan","Running Scared"
"405","semi",1,2011,"first","Azerbaijan","Running Scared"
"406","stay",1,2011,"first","Azerbaijan","Running Scared"
"407","there’s",1,2011,"first","Azerbaijan","Running Scared"
"408","time",1,2011,"first","Azerbaijan","Running Scared"
"409","wanna",1,2011,"first","Azerbaijan","Running Scared"
"410","nanana",7,2011,"last","Switzerland","In Love for a While"
"411","nananana",5,2011,"last","Switzerland","In Love for a While"
"412","love",4,2011,"last","Switzerland","In Love for a While"
"413","nana",4,2011,"last","Switzerland","In Love for a While"
"414","day",3,2011,"last","Switzerland","In Love for a While"
"415","night",3,2011,"last","Switzerland","In Love for a While"
"416","couldn’t",2,2011,"last","Switzerland","In Love for a While"
"417","i’m",2,2011,"last","Switzerland","In Love for a While"
"418","55pts",1,2011,"last","Switzerland","In Love for a While"
"419","bright",1,2011,"last","Switzerland","In Love for a While"
"420","days",1,2011,"last","Switzerland","In Love for a While"
"421","eyes",1,2011,"last","Switzerland","In Love for a While"
"422","final",1,2011,"last","Switzerland","In Love for a While"
"423","life",1,2011,"last","Switzerland","In Love for a While"
"424","looked",1,2011,"last","Switzerland","In Love for a While"
"425","lovely",1,2011,"last","Switzerland","In Love for a While"
"426","na",1,2011,"last","Switzerland","In Love for a While"
"427","romance",1,2011,"last","Switzerland","In Love for a While"
"428","semi",1,2011,"last","Switzerland","In Love for a While"
"429","smile",1,2011,"last","Switzerland","In Love for a While"
"430","start",1,2011,"last","Switzerland","In Love for a While"
"431","stay",1,2011,"last","Switzerland","In Love for a While"
"432","stormy",1,2011,"last","Switzerland","In Love for a While"
"433","sunny",1,2011,"last","Switzerland","In Love for a While"
"434","time",1,2011,"last","Switzerland","In Love for a While"
"435","we’re",1,2011,"last","Switzerland","In Love for a While"
"436","we’ve",1,2011,"last","Switzerland","In Love for a While"
"437","weather",1,2011,"last","Switzerland","In Love for a While"
"438","yeah",1,2011,"last","Switzerland","In Love for a While"
"439","you’re",1,2011,"last","Switzerland","In Love for a While"
"440","love",15,2013,"last","Ireland","Only Love Survives"
"441","don’t",3,2013,"last","Ireland","Only Love Survives"
"442","it’s",3,2013,"last","Ireland","Only Love Survives"
"443","survives",3,2013,"last","Ireland","Only Love Survives"
"444","till",3,2013,"last","Ireland","Only Love Survives"
"445","we’re",3,2013,"last","Ireland","Only Love Survives"
"446","world",3,2013,"last","Ireland","Only Love Survives"
"447","afraid",2,2013,"last","Ireland","Only Love Survives"
"448","alive",2,2013,"last","Ireland","Only Love Survives"
"449","dancing",2,2013,"last","Ireland","Only Love Survives"
"450","light",2,2013,"last","Ireland","Only Love Survives"
"451","live",2,2013,"last","Ireland","Only Love Survives"
"452","morning",2,2013,"last","Ireland","Only Love Survives"
"453","night",2,2013,"last","Ireland","Only Love Survives"
"454","rise",2,2013,"last","Ireland","Only Love Survives"
"455","sun",2,2013,"last","Ireland","Only Love Survives"
"456","54pts",1,2013,"last","Ireland","Only Love Survives"
"457","aligned",1,2013,"last","Ireland","Only Love Survives"
"458","born",1,2013,"last","Ireland","Only Love Survives"
"459","collide",1,2013,"last","Ireland","Only Love Survives"
"460","darkest",1,2013,"last","Ireland","Only Love Survives"
"461","dawn",1,2013,"last","Ireland","Only Love Survives"
"462","day",1,2013,"last","Ireland","Only Love Survives"
"463","decline",1,2013,"last","Ireland","Only Love Survives"
"464","dies",1,2013,"last","Ireland","Only Love Survives"
"465","final",1,2013,"last","Ireland","Only Love Survives"
"466","gonna",1,2013,"last","Ireland","Only Love Survives"
"467","hour",1,2013,"last","Ireland","Only Love Survives"
"468","lives",1,2013,"last","Ireland","Only Love Survives"
"469","mind",1,2013,"last","Ireland","Only Love Survives"
"470","remain",1,2013,"last","Ireland","Only Love Survives"
"471","remains",1,2013,"last","Ireland","Only Love Survives"
"472","semi",1,2013,"last","Ireland","Only Love Survives"
"473","stars",1,2013,"last","Ireland","Only Love Survives"
"474","time",1,2013,"last","Ireland","Only Love Survives"
"475","watching",1,2013,"last","Ireland","Only Love Survives"
"476","we’ve",1,2013,"last","Ireland","Only Love Survives"
"477","eye",4,2013,"first","Denmark","Only Teardrops"
"478","times",4,2013,"first","Denmark","Only Teardrops"
"479","tonight",3,2013,"first","Denmark","Only Teardrops"
"480","blame",2,2013,"first","Denmark","Only Teardrops"
"481","hard",2,2013,"first","Denmark","Only Teardrops"
"482","it’s",2,2013,"first","Denmark","Only Teardrops"
"483","shame",2,2013,"first","Denmark","Only Teardrops"
"484","tear",2,2013,"first","Denmark","Only Teardrops"
"485","teardrops",2,2013,"first","Denmark","Only Teardrops"
"486","167pts",1,2013,"first","Denmark","Only Teardrops"
"487","break",1,2013,"first","Denmark","Only Teardrops"
"488","edge",1,2013,"first","Denmark","Only Teardrops"
"489","fight",1,2013,"first","Denmark","Only Teardrops"
"490","final",1,2013,"first","Denmark","Only Teardrops"
"491","guide",1,2013,"first","Denmark","Only Teardrops"
"492","leave",1,2013,"first","Denmark","Only Teardrops"
"493","let’s",1,2013,"first","Denmark","Only Teardrops"
"494","lose",1,2013,"first","Denmark","Only Teardrops"
"495","past",1,2013,"first","Denmark","Only Teardrops"
"496","red",1,2013,"first","Denmark","Only Teardrops"
"497","rules",1,2013,"first","Denmark","Only Teardrops"
"498","semi",1,2013,"first","Denmark","Only Teardrops"
"499","shooting",1,2013,"first","Denmark","Only Teardrops"
"500","sky",1,2013,"first","Denmark","Only Teardrops"
"501","stage",1,2013,"first","Denmark","Only Teardrops"
"502","star",1,2013,"first","Denmark","Only Teardrops"
"503","till",1,2013,"first","Denmark","Only Teardrops"
"504","we’re",1,2013,"first","Denmark","Only Teardrops"
"505","win",1,2013,"first","Denmark","Only Teardrops"
"506","we’re",12,2012,"first","Sweeden","Euphoria"
"507","euphoria",9,2012,"first","Sweeden","Euphoria"
"508","forever",5,2012,"first","Sweeden","Euphoria"
"509","love",4,2012,"first","Sweeden","Euphoria"
"510","art",3,2012,"first","Sweeden","Euphoria"
"511","beating",3,2012,"first","Sweeden","Euphoria"
"512","everlasting",3,2012,"first","Sweeden","Euphoria"
"513","heart",3,2012,"first","Sweeden","Euphoria"
"514","piece",3,2012,"first","Sweeden","Euphoria"
"515","divinity",2,2012,"first","Sweeden","Euphoria"
"516","don’t",2,2012,"first","Sweeden","Euphoria"
"517","infinity",2,2012,"first","Sweeden","Euphoria"
"518","reaching",2,2012,"first","Sweeden","Euphoria"
"519","sail",2,2012,"first","Sweeden","Euphoria"
"520","till",2,2012,"first","Sweeden","Euphoria"
"521","time",2,2012,"first","Sweeden","Euphoria"
"522","tonight",2,2012,"first","Sweeden","Euphoria"
"523","181pts",1,2012,"first","Sweeden","Euphoria"
"524","allowed",1,2012,"first","Sweeden","Euphoria"
"525","breath",1,2012,"first","Sweeden","Euphoria"
"526","breathing",1,2012,"first","Sweeden","Euphoria"
"527","can’t",1,2012,"first","Sweeden","Euphoria"
"528","door",1,2012,"first","Sweeden","Euphoria"
"529","eternity’s",1,2012,"first","Sweeden","Euphoria"
"530","everything’s",1,2012,"first","Sweeden","Euphoria"
"531","final",1,2012,"first","Sweeden","Euphoria"
"532","free",1,2012,"first","Sweeden","Euphoria"
"533","i’m",1,2012,"first","Sweeden","Euphoria"
"534","moment",1,2012,"first","Sweeden","Euphoria"
"535","semi",1,2012,"first","Sweeden","Euphoria"
"536","stop",1,2012,"first","Sweeden","Euphoria"
"537","universe",1,2012,"first","Sweeden","Euphoria"
"538","nana",12,2012,"last","Norway","Stay"
"539","it’s",11,2012,"last","Norway","Stay"
"540","don’t",6,2012,"last","Norway","Stay"
"541","i’m",5,2012,"last","Norway","Stay"
"542","stay",4,2012,"last","Norway","Stay"
"543","baby",2,2012,"last","Norway","Stay"
"544","can’t",2,2012,"last","Norway","Stay"
"545","control",2,2012,"last","Norway","Stay"
"546","feel",2,2012,"last","Norway","Stay"
"547","fire",2,2012,"last","Norway","Stay"
"548","free",2,2012,"last","Norway","Stay"
"549","hear",2,2012,"last","Norway","Stay"
"550","heart",2,2012,"last","Norway","Stay"
"551","hot",2,2012,"last","Norway","Stay"
"552","losing",2,2012,"last","Norway","Stay"
"553","music",2,2012,"last","Norway","Stay"
"554","rush",2,2012,"last","Norway","Stay"
"555","setting",2,2012,"last","Norway","Stay"
"556","soul",2,2012,"last","Norway","Stay"
"557","stand",2,2012,"last","Norway","Stay"
"558","start",2,2012,"last","Norway","Stay"
"559","stop",2,2012,"last","Norway","Stay"
"560","stronger",2,2012,"last","Norway","Stay"
"561","tonight",2,2012,"last","Norway","Stay"
"562","what’s",2,2012,"last","Norway","Stay"
"563","wrong",2,2012,"last","Norway","Stay"
"564","45pts",1,2012,"last","Norway","Stay"
"565","beat",1,2012,"last","Norway","Stay"
"566","beats",1,2012,"last","Norway","Stay"
"567","calling",1,2012,"last","Norway","Stay"
"568","crowd",1,2012,"last","Norway","Stay"
"569","faster",1,2012,"last","Norway","Stay"
"570","final",1,2012,"last","Norway","Stay"
"571","heat",1,2012,"last","Norway","Stay"
"572","kill",1,2012,"last","Norway","Stay"
"573","louder",1,2012,"last","Norway","Stay"
"574","meters",1,2012,"last","Norway","Stay"
"575","moving",1,2012,"last","Norway","Stay"
"576","peaking",1,2012,"last","Norway","Stay"
"577","people",1,2012,"last","Norway","Stay"
"578","pull",1,2012,"last","Norway","Stay"
"579","pumping",1,2012,"last","Norway","Stay"
"580","rhythm",1,2012,"last","Norway","Stay"
"581","running",1,2012,"last","Norway","Stay"
"582","semi",1,2012,"last","Norway","Stay"
"583","shout",1,2012,"last","Norway","Stay"
"584","sirens",1,2012,"last","Norway","Stay"
"585","sound",1,2012,"last","Norway","Stay"
"586","street",1,2012,"last","Norway","Stay"
"587","walk",1,2012,"last","Norway","Stay"
"588","you’re",1,2012,"last","Norway","Stay"
"589","love",8,2010,"first","Germany","Satellite"
"590","blue",2,2010,"first","Germany","Satellite"
"591","can’t",2,2010,"first","Germany","Satellite"
"592","day",2,2010,"first","Germany","Satellite"
"593","i’m",2,2010,"first","Germany","Satellite"
"594","minute",2,2010,"first","Germany","Satellite"
"595","246pts",1,2010,"first","Germany","Satellite"
"596","aim",1,2010,"first","Germany","Satellite"
"597","arrow",1,2010,"first","Germany","Satellite"
"598","bad",1,2010,"first","Germany","Satellite"
"599","bought",1,2010,"first","Germany","Satellite"
"600","cruel",1,2010,"first","Germany","Satellite"
"601","cupid’s",1,2010,"first","Germany","Satellite"
"602","em",1,2010,"first","Germany","Satellite"
"603","fall",1,2010,"first","Germany","Satellite"
"604","feel",1,2010,"first","Germany","Satellite"
"605","fight",1,2010,"first","Germany","Satellite"
"606","final",1,2010,"first","Germany","Satellite"
"607","gonna",1,2010,"first","Germany","Satellite"
"608","gotta",1,2010,"first","Germany","Satellite"
"609","hair",1,2010,"first","Germany","Satellite"
"610","i’ll",1,2010,"first","Germany","Satellite"
"611","left",1,2010,"first","Germany","Satellite"
"612","light",1,2010,"first","Germany","Satellite"
"613","night",1,2010,"first","Germany","Satellite"
"614","orbit",1,2010,"first","Germany","Satellite"
"615","painted",1,2010,"first","Germany","Satellite"
"616","porch",1,2010,"first","Germany","Satellite"
"617","sad",1,2010,"first","Germany","Satellite"
"618","satellite",1,2010,"first","Germany","Satellite"
"619","saved",1,2010,"first","Germany","Satellite"
"620","straight",1,2010,"first","Germany","Satellite"
"621","sweet",1,2010,"first","Germany","Satellite"
"622","toenails",1,2010,"first","Germany","Satellite"
"623","true",1,2010,"first","Germany","Satellite"
"624","underwear",1,2010,"first","Germany","Satellite"
"625","wore",1,2010,"first","Germany","Satellite"
"626","wouldn’t",1,2010,"first","Germany","Satellite"
"627","bring",4,2010,"last","United Kingdom","That Sounds Good to Me"
"628","happy",3,2010,"last","United Kingdom","That Sounds Good to Me"
"629","add",2,2010,"last","United Kingdom","That Sounds Good to Me"
"630","final",2,2010,"last","United Kingdom","That Sounds Good to Me"
"631","i’ll",2,2010,"last","United Kingdom","That Sounds Good to Me"
"632","it’s",2,2010,"last","United Kingdom","That Sounds Good to Me"
"633","laughter",2,2010,"last","United Kingdom","That Sounds Good to Me"
"634","loving",2,2010,"last","United Kingdom","That Sounds Good to Me"
"635","sounds",2,2010,"last","United Kingdom","That Sounds Good to Me"
"636","sunshine",2,2010,"last","United Kingdom","That Sounds Good to Me"
"637","times",2,2010,"last","United Kingdom","That Sounds Good to Me"
"638","10pts",1,2010,"last","United Kingdom","That Sounds Good to Me"
"639","begin",1,2010,"last","United Kingdom","That Sounds Good to Me"
"640","celebration",1,2010,"last","United Kingdom","That Sounds Good to Me"
"641","coming",1,2010,"last","United Kingdom","That Sounds Good to Me"
"642","destination",1,2010,"last","United Kingdom","That Sounds Good to Me"
"643","don’t",1,2010,"last","United Kingdom","That Sounds Good to Me"
"644","dreams",1,2010,"last","United Kingdom","That Sounds Good to Me"
"645","feel",1,2010,"last","United Kingdom","That Sounds Good to Me"
"646","future",1,2010,"last","United Kingdom","That Sounds Good to Me"
"647","gonna",1,2010,"last","United Kingdom","That Sounds Good to Me"
"648","guide",1,2010,"last","United Kingdom","That Sounds Good to Me"
"649","hands",1,2010,"last","United Kingdom","That Sounds Good to Me"
"650","i’d",1,2010,"last","United Kingdom","That Sounds Good to Me"
"651","i’m",1,2010,"last","United Kingdom","That Sounds Good to Me"
"652","imagine",1,2010,"last","United Kingdom","That Sounds Good to Me"
"653","left",1,2010,"last","United Kingdom","That Sounds Good to Me"
"654","opportunity",1,2010,"last","United Kingdom","That Sounds Good to Me"
"655","there’s",1,2010,"last","United Kingdom","That Sounds Good to Me"
"656","true",1,2010,"last","United Kingdom","That Sounds Good to Me"
"657","wishes",1,2010,"last","United Kingdom","That Sounds Good to Me"
"658","write",1,2010,"last","United Kingdom","That Sounds Good to Me"
"659","i’m",5,2009,"first","Norway","Fairytale"
"660","don’t",4,2009,"first","Norway","Fairytale"
"661","care",3,2009,"first","Norway","Fairytale"
"662","cursed",3,2009,"first","Norway","Fairytale"
"663","fairytale",3,2009,"first","Norway","Fairytale"
"664","hurts",3,2009,"first","Norway","Fairytale"
"665","lose",3,2009,"first","Norway","Fairytale"
"666","love",3,2009,"first","Norway","Fairytale"
"667","mind",3,2009,"first","Norway","Fairytale"
"668","fell",2,2009,"first","Norway","Fairytale"
"669","201pts",1,2009,"first","Norway","Fairytale"
"670","ago",1,2009,"first","Norway","Fairytale"
"671","brand",1,2009,"first","Norway","Fairytale"
"672","day",1,2009,"first","Norway","Fairytale"
"673","fighting",1,2009,"first","Norway","Fairytale"
"674","final",1,2009,"first","Norway","Fairytale"
"675","girl",1,2009,"first","Norway","Fairytale"
"676","it’s",1,2009,"first","Norway","Fairytale"
"677","kinda",1,2009,"first","Norway","Fairytale"
"678","lift",1,2009,"first","Norway","Fairytale"
"679","mine",1,2009,"first","Norway","Fairytale"
"680","night",1,2009,"first","Norway","Fairytale"
"681","nowadays",1,2009,"first","Norway","Fairytale"
"682","sadder",1,2009,"first","Norway","Fairytale"
"683","semi",1,2009,"first","Norway","Fairytale"
"684","she’s",1,2009,"first","Norway","Fairytale"
"685","start",1,2009,"first","Norway","Fairytale"
"686","started",1,2009,"first","Norway","Fairytale"
"687","suddenly",1,2009,"first","Norway","Fairytale"
"688","sweethearts",1,2009,"first","Norway","Fairytale"
"689","true",1,2009,"first","Norway","Fairytale"
"690","we’ll",1,2009,"first","Norway","Fairytale"
"691","yeah",1,2009,"first","Norway","Fairytale"
"692","i’m",7,2009,"last","Finland","Lose Control"
"693","falling",6,2009,"last","Finland","Lose Control"
"694","control",5,2009,"last","Finland","Lose Control"
"695","don’t",5,2009,"last","Finland","Lose Control"
"696","wanna",5,2009,"last","Finland","Lose Control"
"697","can’t",4,2009,"last","Finland","Lose Control"
"698","lose",3,2009,"last","Finland","Lose Control"
"699","ca",2,2009,"last","Finland","Lose Control"
"700","deny",2,2009,"last","Finland","Lose Control"
"701","fight",2,2009,"last","Finland","Lose Control"
"702","it’s",2,2009,"last","Finland","Lose Control"
"703","lie",2,2009,"last","Finland","Lose Control"
"704","live",2,2009,"last","Finland","Lose Control"
"705","round",2,2009,"last","Finland","Lose Control"
"706","42pts",1,2009,"last","Finland","Lose Control"
"707","baby",1,2009,"last","Finland","Lose Control"
"708","checking",1,2009,"last","Finland","Lose Control"
"709","critical",1,2009,"last","Finland","Lose Control"
"710","day",1,2009,"last","Finland","Lose Control"
"711","describe",1,2009,"last","Finland","Lose Control"
"712","destiny",1,2009,"last","Finland","Lose Control"
"713","drill",1,2009,"last","Finland","Lose Control"
"714","emotion",1,2009,"last","Finland","Lose Control"
"715","fantasy",1,2009,"last","Finland","Lose Control"
"716","final",1,2009,"last","Finland","Lose Control"
"717","gonna",1,2009,"last","Finland","Lose Control"
"718","hands",1,2009,"last","Finland","Lose Control"
"719","hysteria",1,2009,"last","Finland","Lose Control"
"720","mass",1,2009,"last","Finland","Lose Control"
"721","mission",1,2009,"last","Finland","Lose Control"
"722","night",1,2009,"last","Finland","Lose Control"
"723","panic",1,2009,"last","Finland","Lose Control"
"724","peter",1,2009,"last","Finland","Lose Control"
"725","piper",1,2009,"last","Finland","Lose Control"
"726","real",1,2009,"last","Finland","Lose Control"
"727","reality",1,2009,"last","Finland","Lose Control"
"728","roll",1,2009,"last","Finland","Lose Control"
"729","sanity",1,2009,"last","Finland","Lose Control"
"730","semi",1,2009,"last","Finland","Lose Control"
"731","spell",1,2009,"last","Finland","Lose Control"
"732","spinning",1,2009,"last","Finland","Lose Control"
"733","that’s",1,2009,"last","Finland","Lose Control"
"734","truth",1,2009,"last","Finland","Lose Control"
"735","tumbling",1,2009,"last","Finland","Lose Control"
"736","who’s",1,2009,"last","Finland","Lose Control"
"737","world",1,2009,"last","Finland","Lose Control"
"738","worry",1,2009,"last","Finland","Lose Control"
"739","gonna",3,2008,"first","Russia","Believe"
"740","i’m",3,2008,"first","Russia","Believe"
"741","i’ve",2,2008,"first","Russia","Believe"
"742","nothing’s",2,2008,"first","Russia","Believe"
"743","135pts",1,2008,"first","Russia","Believe"
"744","begins",1,2008,"first","Russia","Believe"
"745","break",1,2008,"first","Russia","Believe"
"746","breathing",1,2008,"first","Russia","Believe"
"747","can’t",1,2008,"first","Russia","Believe"
"748","change",1,2008,"first","Russia","Believe"
"749","climbing",1,2008,"first","Russia","Believe"
"750","courage",1,2008,"first","Russia","Believe"
"751","dim",1,2008,"first","Russia","Believe"
"752","direction",1,2008,"first","Russia","Believe"
"753","dream",1,2008,"first","Russia","Believe"
"754","fall",1,2008,"first","Russia","Believe"
"755","falling",1,2008,"first","Russia","Believe"
"756","final",1,2008,"first","Russia","Believe"
"757","fire",1,2008,"first","Russia","Believe"
"758","i’ll",1,2008,"first","Russia","Believe"
"759","impossible",1,2008,"first","Russia","Believe"
"760","inside’s",1,2008,"first","Russia","Believe"
"761","light",1,2008,"first","Russia","Believe"
"762","limit",1,2008,"first","Russia","Believe"
"763","mission",1,2008,"first","Russia","Believe"
"764","mountain",1,2008,"first","Russia","Believe"
"765","move",1,2008,"first","Russia","Believe"
"766","pull",1,2008,"first","Russia","Believe"
"767","semi",1,2008,"first","Russia","Believe"
"768","sky",1,2008,"first","Russia","Believe"
"769","standing",1,2008,"first","Russia","Believe"
"770","stop",1,2008,"first","Russia","Believe"
"771","storm",1,2008,"first","Russia","Believe"
"772","strong",1,2008,"first","Russia","Believe"
"773","that’s",1,2008,"first","Russia","Believe"
"774","thunder",1,2008,"first","Russia","Believe"
"775","tree",1,2008,"first","Russia","Believe"
"776","wind",1,2008,"first","Russia","Believe"
"777","won’t",1,2008,"first","Russia","Believe"
"778","world",1,2008,"first","Russia","Believe"
"779","i’m",4,2008,"last","United Kingdom","Even If"
"780","lovin",3,2008,"last","United Kingdom","Even If"
"781","ain’t",2,2008,"last","United Kingdom","Even If"
"782","heart",2,2008,"last","United Kingdom","Even If"
"783","love",2,2008,"last","United Kingdom","Even If"
"784","stops",2,2008,"last","United Kingdom","Even If"
"785","14pts",1,2008,"last","United Kingdom","Even If"
"786","baby",1,2008,"last","United Kingdom","Even If"
"787","barely",1,2008,"last","United Kingdom","Even If"
"788","break",1,2008,"last","United Kingdom","Even If"
"789","breakin",1,2008,"last","United Kingdom","Even If"
"790","control",1,2008,"last","United Kingdom","Even If"
"791","cures",1,2008,"last","United Kingdom","Even If"
"792","fascinated",1,2008,"last","United Kingdom","Even If"
"793","feel",1,2008,"last","United Kingdom","Even If"
"794","feet",1,2008,"last","United Kingdom","Even If"
"795","final",1,2008,"last","United Kingdom","Even If"
"796","game",1,2008,"last","United Kingdom","Even If"
"797","girl",1,2008,"last","United Kingdom","Even If"
"798","ground",1,2008,"last","United Kingdom","Even If"
"799","hold",1,2008,"last","United Kingdom","Even If"
"800","intoxicated",1,2008,"last","United Kingdom","Even If"
"801","keeping",1,2008,"last","United Kingdom","Even If"
"802","listen",1,2008,"last","United Kingdom","Even If"
"803","lost",1,2008,"last","United Kingdom","Even If"
"804","meaning",1,2008,"last","United Kingdom","Even If"
"805","playing",1,2008,"last","United Kingdom","Even If"
"806","reality",1,2008,"last","United Kingdom","Even If"
"807","risin",1,2008,"last","United Kingdom","Even If"
"808","running",1,2008,"last","United Kingdom","Even If"
"809","semi",1,2008,"last","United Kingdom","Even If"
"810","sensuality",1,2008,"last","United Kingdom","Even If"
"811","soul",1,2008,"last","United Kingdom","Even If"
"812","stop",1,2008,"last","United Kingdom","Even If"
"813","strips",1,2008,"last","United Kingdom","Even If"
"814","struggling",1,2008,"last","United Kingdom","Even If"
"815","sun",1,2008,"last","United Kingdom","Even If"
"816","takes",1,2008,"last","United Kingdom","Even If"
"817","thrills",1,2008,"last","United Kingdom","Even If"
"818","time",1,2008,"last","United Kingdom","Even If"
"819","town",1,2008,"last","United Kingdom","Even If"
"820","understand",1,2008,"last","United Kingdom","Even If"
"821","wake",1,2008,"last","United Kingdom","Even If"
"822","wanna",1,2008,"last","United Kingdom","Even If"
"823","words",1,2008,"last","United Kingdom","Even If"
"824","world",1,2008,"last","United Kingdom","Even If"
"825","ya",1,2008,"last","United Kingdom","Even If"
"826","yeah",1,2008,"last","United Kingdom","Even If"
"827","you’re",1,2008,"last","United Kingdom","Even If"
"828","i’ll",4,2007,"first","Russia","Song #1"
"829","money",4,2007,"first","Russia","Song #1"
"830","boy",2,2007,"first","Russia","Song #1"
"831","don’t",2,2007,"first","Russia","Song #1"
"832","easy",2,2007,"first","Russia","Song #1"
"833","girls",2,2007,"first","Russia","Song #1"
"834","listen",2,2007,"first","Russia","Song #1"
"835","slow",2,2007,"first","Russia","Song #1"
"836","wanna",2,2007,"first","Russia","Song #1"
"837","207pts",1,2007,"first","Russia","Song #1"
"838","ass",1,2007,"first","Russia","Song #1"
"839","bad",1,2007,"first","Russia","Song #1"
"840","bitches",1,2007,"first","Russia","Song #1"
"841","blow",1,2007,"first","Russia","Song #1"
"842","bunny",1,2007,"first","Russia","Song #1"
"843","call",1,2007,"first","Russia","Song #1"
"844","can’t",1,2007,"first","Russia","Song #1"
"845","catch",1,2007,"first","Russia","Song #1"
"846","chill",1,2007,"first","Russia","Song #1"
"847","dirty",1,2007,"first","Russia","Song #1"
"848","dress",1,2007,"first","Russia","Song #1"
"849","final",1,2007,"first","Russia","Song #1"
"850","flashy",1,2007,"first","Russia","Song #1"
"851","flow",1,2007,"first","Russia","Song #1"
"852","funny",1,2007,"first","Russia","Song #1"
"853","honey",1,2007,"first","Russia","Song #1"
"854","i’m",1,2007,"first","Russia","Song #1"
"855","i’ve",1,2007,"first","Russia","Song #1"
"856","it’s",1,2007,"first","Russia","Song #1"
"857","kick",1,2007,"first","Russia","Song #1"
"858","killin",1,2007,"first","Russia","Song #1"
"859","move",1,2007,"first","Russia","Song #1"
"860","pickin",1,2007,"first","Russia","Song #1"
"861","pill",1,2007,"first","Russia","Song #1"
"862","ready",1,2007,"first","Russia","Song #1"
"863","skin",1,2007,"first","Russia","Song #1"
"864","spinnin",1,2007,"first","Russia","Song #1"
"865","standin",1,2007,"first","Russia","Song #1"
"866","stop",1,2007,"first","Russia","Song #1"
"867","track",1,2007,"first","Russia","Song #1"
"868","we’ll",1,2007,"first","Russia","Song #1"
"869","yeah",1,2007,"first","Russia","Song #1"
"870","you’ve",1,2007,"first","Russia","Song #1"
"871","yummy",1,2007,"first","Russia","Song #1"
"872","stop",7,2007,"last","Ireland","They Can't Stop the Spring"
"873","steal",6,2007,"last","Ireland","They Can't Stop the Spring"
"874","can’t",4,2007,"last","Ireland","They Can't Stop the Spring"
"875","spring",4,2007,"last","Ireland","They Can't Stop the Spring"
"876","blackbird",3,2007,"last","Ireland","They Can't Stop the Spring"
"877","crush",3,2007,"last","Ireland","They Can't Stop the Spring"
"878","flowers",3,2007,"last","Ireland","They Can't Stop the Spring"
"879","honey",3,2007,"last","Ireland","They Can't Stop the Spring"
"880","living",3,2007,"last","Ireland","They Can't Stop the Spring"
"881","scare",3,2007,"last","Ireland","They Can't Stop the Spring"
"882","sing",3,2007,"last","Ireland","They Can't Stop the Spring"
"883","sting",3,2007,"last","Ireland","They Can't Stop the Spring"
"884","they’ll",3,2007,"last","Ireland","They Can't Stop the Spring"
"885","trample",3,2007,"last","Ireland","They Can't Stop the Spring"
"886","curtain",2,2007,"last","Ireland","They Can't Stop the Spring"
"887","hand",2,2007,"last","Ireland","They Can't Stop the Spring"
"888","party",2,2007,"last","Ireland","They Can't Stop the Spring"
"889","raised",2,2007,"last","Ireland","They Can't Stop the Spring"
"890","singing",2,2007,"last","Ireland","They Can't Stop the Spring"
"891","5pts",1,2007,"last","Ireland","They Can't Stop the Spring"
"892","archipelagic",1,2007,"last","Ireland","They Can't Stop the Spring"
"893","band",1,2007,"last","Ireland","They Can't Stop the Spring"
"894","cage",1,2007,"last","Ireland","They Can't Stop the Spring"
"895","choir",1,2007,"last","Ireland","They Can't Stop the Spring"
"896","clan",1,2007,"last","Ireland","They Can't Stop the Spring"
"897","continental",1,2007,"last","Ireland","They Can't Stop the Spring"
"898","don’t",1,2007,"last","Ireland","They Can't Stop the Spring"
"899","europe’s",1,2007,"last","Ireland","They Can't Stop the Spring"
"900","final",1,2007,"last","Ireland","They Can't Stop the Spring"
"901","icicles",1,2007,"last","Ireland","They Can't Stop the Spring"
"902","latvia",1,2007,"last","Ireland","They Can't Stop the Spring"
"903","lisadell",1,2007,"last","Ireland","They Can't Stop the Spring"
"904","melted",1,2007,"last","Ireland","They Can't Stop the Spring"
"905","stage",1,2007,"last","Ireland","They Can't Stop the Spring"
"906","stands",1,2007,"last","Ireland","They Can't Stop the Spring"
"907","wall",1,2007,"last","Ireland","They Can't Stop the Spring"
"908","we’re",1,2007,"last","Ireland","They Can't Stop the Spring"
"909","rock",6,2006,"first","Finland","Hard Rock Hallelujah"
"910","hallelujah",4,2006,"first","Finland","Hard Rock Hallelujah"
"911","hard",4,2006,"first","Finland","Hard Rock Hallelujah"
"912","angels",3,2006,"first","Finland","Hard Rock Hallelujah"
"913","roll",3,2006,"first","Finland","Hard Rock Hallelujah"
"914","awe",2,2006,"first","Finland","Hard Rock Hallelujah"
"915","bring",2,2006,"first","Finland","Hard Rock Hallelujah"
"916","false",2,2006,"first","Finland","Hard Rock Hallelujah"
"917","it’s",2,2006,"first","Finland","Hard Rock Hallelujah"
"918","lightning",2,2006,"first","Finland","Hard Rock Hallelujah"
"919","moon",2,2006,"first","Finland","Hard Rock Hallelujah"
"920","power",2,2006,"first","Finland","Hard Rock Hallelujah"
"921","prophets",2,2006,"first","Finland","Hard Rock Hallelujah"
"922","rise",2,2006,"first","Finland","Hard Rock Hallelujah"
"923","rising",2,2006,"first","Finland","Hard Rock Hallelujah"
"924","sign",2,2006,"first","Finland","Hard Rock Hallelujah"
"925","striking",2,2006,"first","Finland","Hard Rock Hallelujah"
"926","thine",2,2006,"first","Finland","Hard Rock Hallelujah"
"927","292pts",1,2006,"first","Finland","Hard Rock Hallelujah"
"928","arockalypse",1,2006,"first","Finland","Hard Rock Hallelujah"
"929","arrived",1,2006,"first","Finland","Hard Rock Hallelujah"
"930","bare",1,2006,"first","Finland","Hard Rock Hallelujah"
"931","believers",1,2006,"first","Finland","Hard Rock Hallelujah"
"932","brothers",1,2006,"first","Finland","Hard Rock Hallelujah"
"933","creation",1,2006,"first","Finland","Hard Rock Hallelujah"
"934","crippled",1,2006,"first","Finland","Hard Rock Hallelujah"
"935","dares",1,2006,"first","Finland","Hard Rock Hallelujah"
"936","day",1,2006,"first","Finland","Hard Rock Hallelujah"
"937","demons",1,2006,"first","Finland","Hard Rock Hallelujah"
"938","faith",1,2006,"first","Finland","Hard Rock Hallelujah"
"939","final",1,2006,"first","Finland","Hard Rock Hallelujah"
"940","god’s",1,2006,"first","Finland","Hard Rock Hallelujah"
"941","guiding",1,2006,"first","Finland","Hard Rock Hallelujah"
"942","jokers",1,2006,"first","Finland","Hard Rock Hallelujah"
"943","kings",1,2006,"first","Finland","Hard Rock Hallelujah"
"944","lambs",1,2006,"first","Finland","Hard Rock Hallelujah"
"945","light",1,2006,"first","Finland","Hard Rock Hallelujah"
"946","lost",1,2006,"first","Finland","Hard Rock Hallelujah"
"947","night",1,2006,"first","Finland","Hard Rock Hallelujah"
"948","rockoning",1,2006,"first","Finland","Hard Rock Hallelujah"
"949","rocks",1,2006,"first","Finland","Hard Rock Hallelujah"
"950","saints",1,2006,"first","Finland","Hard Rock Hallelujah"
"951","saved",1,2006,"first","Finland","Hard Rock Hallelujah"
"952","semi",1,2006,"first","Finland","Hard Rock Hallelujah"
"953","sinners",1,2006,"first","Finland","Hard Rock Hallelujah"
"954","sisters",1,2006,"first","Finland","Hard Rock Hallelujah"
"955","soon’ll",1,2006,"first","Finland","Hard Rock Hallelujah"
"956","soul",1,2006,"first","Finland","Hard Rock Hallelujah"
"957","strong",1,2006,"first","Finland","Hard Rock Hallelujah"
"958","supernatural",1,2006,"first","Finland","Hard Rock Hallelujah"
"959","thou",1,2006,"first","Finland","Hard Rock Hallelujah"
"960","thunder",1,2006,"first","Finland","Hard Rock Hallelujah"
"961","true",1,2006,"first","Finland","Hard Rock Hallelujah"
"962","walls",1,2006,"first","Finland","Hard Rock Hallelujah"
"963","wins",1,2006,"first","Finland","Hard Rock Hallelujah"
"964","love",5,2006,"last","Malta","I Do"
"965","fool",4,2006,"last","Malta","I Do"
"966","day",3,2006,"last","Malta","I Do"
"967","can’t",2,2006,"last","Malta","I Do"
"968","heart",2,2006,"last","Malta","I Do"
"969","piece",2,2006,"last","Malta","I Do"
"970","waiting",2,2006,"last","Malta","I Do"
"971","we’re",2,2006,"last","Malta","I Do"
"972","we’ve",2,2006,"last","Malta","I Do"
"973","1pt",1,2006,"last","Malta","I Do"
"974","brand",1,2006,"last","Malta","I Do"
"975","break",1,2006,"last","Malta","I Do"
"976","choice",1,2006,"last","Malta","I Do"
"977","cried",1,2006,"last","Malta","I Do"
"978","decide",1,2006,"last","Malta","I Do"
"979","didn’t",1,2006,"last","Malta","I Do"
"980","final",1,2006,"last","Malta","I Do"
"981","i’ll",1,2006,"last","Malta","I Do"
"982","i’ve",1,2006,"last","Malta","I Do"
"983","laughing",1,2006,"last","Malta","I Do"
"984","lay",1,2006,"last","Malta","I Do"
"985","left",1,2006,"last","Malta","I Do"
"986","lives",1,2006,"last","Malta","I Do"
"987","start",1,2006,"last","Malta","I Do"
"988","stop",1,2006,"last","Malta","I Do"
"989","time",1,2006,"last","Malta","I Do"
"990","torn",1,2006,"last","Malta","I Do"
"991","we’ll",1,2006,"last","Malta","I Do"
"992","won’t",1,2006,"last","Malta","I Do"
"993","world",1,2006,"last","Malta","I Do"
"994","you’re",11,2005,"first","Greece","My Number One"
"995","passion",3,2005,"first","Greece","My Number One"
"996","i’ll",2,2005,"first","Greece","My Number One"
"997","kiss",2,2005,"first","Greece","My Number One"
"998","leave",2,2005,"first","Greece","My Number One"
"999","love",2,2005,"first","Greece","My Number One"
"1000","lover",2,2005,"first","Greece","My Number One"
"1001","sacred",2,2005,"first","Greece","My Number One"
"1002","undercover",2,2005,"first","Greece","My Number One"
"1003","won’t",2,2005,"first","Greece","My Number One"
"1004","you’ll",2,2005,"first","Greece","My Number One"
"1005","230pts",1,2005,"first","Greece","My Number One"
"1006","addiction",1,2005,"first","Greece","My Number One"
"1007","arms",1,2005,"first","Greece","My Number One"
"1008","capricious",1,2005,"first","Greece","My Number One"
"1009","conviction",1,2005,"first","Greece","My Number One"
"1010","crucifixion",1,2005,"first","Greece","My Number One"
"1011","delicious",1,2005,"first","Greece","My Number One"
"1012","desire",1,2005,"first","Greece","My Number One"
"1013","don’t",1,2005,"first","Greece","My Number One"
"1014","empty",1,2005,"first","Greece","My Number One"
"1015","final",1,2005,"first","Greece","My Number One"
"1016","fire",1,2005,"first","Greece","My Number One"
"1017","forever",1,2005,"first","Greece","My Number One"
"1018","forget",1,2005,"first","Greece","My Number One"
"1019","heaven",1,2005,"first","Greece","My Number One"
"1020","life",1,2005,"first","Greece","My Number One"
"1021","lips",1,2005,"first","Greece","My Number One"
"1022","miss",1,2005,"first","Greece","My Number One"
"1023","raining",1,2005,"first","Greece","My Number One"
"1024","reason",1,2005,"first","Greece","My Number One"
"1025","regret",1,2005,"first","Greece","My Number One"
"1026","relief",1,2005,"first","Greece","My Number One"
"1027","season",1,2005,"first","Greece","My Number One"
"1028","sun",1,2005,"first","Greece","My Number One"
"1029","treasure",1,2005,"first","Greece","My Number One"
"1030","vicious",1,2005,"first","Greece","My Number One"
"1031","run",4,2005,"last","Germany","Run and Hide"
"1032","you’d",4,2005,"last","Germany","Run and Hide"
"1033","hide",3,2005,"last","Germany","Run and Hide"
"1034","twenty",2,2005,"last","Germany","Run and Hide"
"1035","4pts",1,2005,"last","Germany","Run and Hide"
"1036","blue",1,2005,"last","Germany","Run and Hide"
"1037","collide",1,2005,"last","Germany","Run and Hide"
"1038","conveyed",1,2005,"last","Germany","Run and Hide"
"1039","cried",1,2005,"last","Germany","Run and Hide"
"1040","crooked",1,2005,"last","Germany","Run and Hide"
"1041","died",1,2005,"last","Germany","Run and Hide"
"1042","dollars",1,2005,"last","Germany","Run and Hide"
"1043","dreams",1,2005,"last","Germany","Run and Hide"
"1044","eyes",1,2005,"last","Germany","Run and Hide"
"1045","feel",1,2005,"last","Germany","Run and Hide"
"1046","feeling",1,2005,"last","Germany","Run and Hide"
"1047","final",1,2005,"last","Germany","Run and Hide"
"1048","friend",1,2005,"last","Germany","Run and Hide"
"1049","girls",1,2005,"last","Germany","Run and Hide"
"1050","i’m",1,2005,"last","Germany","Run and Hide"
"1051","inside",1,2005,"last","Germany","Run and Hide"
"1052","kinda",1,2005,"last","Germany","Run and Hide"
"1053","leave",1,2005,"last","Germany","Run and Hide"
"1054","lies",1,2005,"last","Germany","Run and Hide"
"1055","mine",1,2005,"last","Germany","Run and Hide"
"1056","reasons",1,2005,"last","Germany","Run and Hide"
"1057","trouble",1,2005,"last","Germany","Run and Hide"
"1058","wasted",1,2005,"last","Germany","Run and Hide"
"1059","watching",1,2005,"last","Germany","Run and Hide"
"1060","worlds",1,2005,"last","Germany","Run and Hide"
"1061","worry",1,2005,"last","Germany","Run and Hide"
"1062","you’ll",1,2005,"last","Germany","Run and Hide"
"1063","you’re",1,2005,"last","Germany","Run and Hide"
"1064","di",36,2004,"first","Ukraine","Wild Dances"
"1065","na",30,2004,"first","Ukraine","Wild Dances"
"1066","day",21,2004,"first","Ukraine","Wild Dances"
"1067","ri",18,2004,"first","Ukraine","Wild Dances"
"1068","shi",18,2004,"first","Ukraine","Wild Dances"
"1069","wild",10,2004,"first","Ukraine","Wild Dances"
"1070","da",9,2004,"first","Ukraine","Wild Dances"
"1071","duy",9,2004,"first","Ukraine","Wild Dances"
"1072","ді",8,2004,"first","Ukraine","Wild Dances"
"1073","hey",6,2004,"first","Ukraine","Wild Dances"
"1074","round",6,2004,"first","Ukraine","Wild Dances"
"1075","dey",4,2004,"first","Ukraine","Wild Dances"
"1076","рі",4,2004,"first","Ukraine","Wild Dances"
"1077","ші",4,2004,"first","Ukraine","Wild Dances"
"1078","chances",3,2004,"first","Ukraine","Wild Dances"
"1079","dancers",3,2004,"first","Ukraine","Wild Dances"
"1080","dancin",3,2004,"first","Ukraine","Wild Dances"
"1081","forever",3,2004,"first","Ukraine","Wild Dances"
"1082","freedom",3,2004,"first","Ukraine","Wild Dances"
"1083","gonna",3,2004,"first","Ukraine","Wild Dances"
"1084","i’m",3,2004,"first","Ukraine","Wild Dances"
"1085","loved",3,2004,"first","Ukraine","Wild Dances"
"1086","wanna",3,2004,"first","Ukraine","Wild Dances"
"1087","dance",2,2004,"first","Ukraine","Wild Dances"
"1088","да",2,2004,"first","Ukraine","Wild Dances"
"1089","дуи",2,2004,"first","Ukraine","Wild Dances"
"1090","на",2,2004,"first","Ukraine","Wild Dances"
"1091","256pts",1,2004,"first","Ukraine","Wild Dances"
"1092","bula",1,2004,"first","Ukraine","Wild Dances"
"1093","chemna",1,2004,"first","Ukraine","Wild Dances"
"1094","dam",1,2004,"first","Ukraine","Wild Dances"
"1095","dances",1,2004,"first","Ukraine","Wild Dances"
"1096","daremno",1,2004,"first","Ukraine","Wild Dances"
"1097","eurost",1,2004,"first","Ukraine","Wild Dances"
"1098","final",1,2004,"first","Ukraine","Wild Dances"
"1099","fire",1,2004,"first","Ukraine","Wild Dances"
"1100","i’ll",1,2004,"first","Ukraine","Wild Dances"
"1101","nadto",1,2004,"first","Ukraine","Wild Dances"
"1102","napevno",1,2004,"first","Ukraine","Wild Dances"
"1103","obedient",1,2004,"first","Ukraine","Wild Dances"
"1104","page",1,2004,"first","Ukraine","Wild Dances"
"1105","ruslana’s",1,2004,"first","Ukraine","Wild Dances"
"1106","semi",1,2004,"first","Ukraine","Wild Dances"
"1107","set",1,2004,"first","Ukraine","Wild Dances"
"1108","sky",1,2004,"first","Ukraine","Wild Dances"
"1109","sorrow",1,2004,"first","Ukraine","Wild Dances"
"1110","spread",1,2004,"first","Ukraine","Wild Dances"
"1111","vain",1,2004,"first","Ukraine","Wild Dances"
"1112","ya",1,2004,"first","Ukraine","Wild Dances"
"1113","була",1,2004,"first","Ukraine","Wild Dances"
"1114","даремно",1,2004,"first","Ukraine","Wild Dances"
"1115","надто",1,2004,"first","Ukraine","Wild Dances"
"1116","напевно",1,2004,"first","Ukraine","Wild Dances"
"1117","чемна",1,2004,"first","Ukraine","Wild Dances"
"1118","я",1,2004,"first","Ukraine","Wild Dances"
"1119","heart",3,2004,"last","Norway","High"
"1120","bringing",2,2004,"last","Norway","High"
"1121","ease",2,2004,"last","Norway","High"
"1122","holding",2,2004,"last","Norway","High"
"1123","pain",2,2004,"last","Norway","High"
"1124","rain",2,2004,"last","Norway","High"
"1125","sun",2,2004,"last","Norway","High"
"1126","there’s",2,2004,"last","Norway","High"
"1127","wanna",2,2004,"last","Norway","High"
"1128","3pts",1,2004,"last","Norway","High"
"1129","bring",1,2004,"last","Norway","High"
"1130","broken",1,2004,"last","Norway","High"
"1131","day",1,2004,"last","Norway","High"
"1132","deep",1,2004,"last","Norway","High"
"1133","deny",1,2004,"last","Norway","High"
"1134","final",1,2004,"last","Norway","High"
"1135","finally",1,2004,"last","Norway","High"
"1136","fly",1,2004,"last","Norway","High"
"1137","grows",1,2004,"last","Norway","High"
"1138","heal",1,2004,"last","Norway","High"
"1139","light",1,2004,"last","Norway","High"
"1140","mind",1,2004,"last","Norway","High"
"1141","seize",1,2004,"last","Norway","High"
"1142","sorrow",1,2004,"last","Norway","High"
"1143","soul",1,2004,"last","Norway","High"
"1144","wings",1,2004,"last","Norway","High"
"1145","wound",1,2004,"last","Norway","High"
"1146","baby",8,2003,"last","United Kingdom","Cry Baby"
"1147","bye",7,2003,"last","United Kingdom","Cry Baby"
"1148","love",4,2003,"last","United Kingdom","Cry Baby"
"1149","cry",3,2003,"last","United Kingdom","Cry Baby"
"1150","anymore",2,2003,"last","United Kingdom","Cry Baby"
"1151","don’t",2,2003,"last","United Kingdom","Cry Baby"
"1152","lied",2,2003,"last","United Kingdom","Cry Baby"
"1153","life",2,2003,"last","United Kingdom","Cry Baby"
"1154","crazy",1,2003,"last","United Kingdom","Cry Baby"
"1155","forever",1,2003,"last","United Kingdom","Cry Baby"
"1156","goodbye",1,2003,"last","United Kingdom","Cry Baby"
"1157","hanging",1,2003,"last","United Kingdom","Cry Baby"
"1158","hon",1,2003,"last","United Kingdom","Cry Baby"
"1159","i’ve",1,2003,"last","United Kingdom","Cry Baby"
"1160","lie",1,2003,"last","United Kingdom","Cry Baby"
"1161","live",1,2003,"last","United Kingdom","Cry Baby"
"1162","living",1,2003,"last","United Kingdom","Cry Baby"
"1163","love’s",1,2003,"last","United Kingdom","Cry Baby"
"1164","survive",1,2003,"last","United Kingdom","Cry Baby"
"1165","trust",1,2003,"last","United Kingdom","Cry Baby"
"1166","wanna",1,2003,"last","United Kingdom","Cry Baby"
"1167","won’t",1,2003,"last","United Kingdom","Cry Baby"
"1168","you’re",1,2003,"last","United Kingdom","Cry Baby"
"1169","love",5,2003,"first","Turkey","Everyway That I Can"
"1170","i’ll",4,2003,"first","Turkey","Everyway That I Can"
"1171","everyway",3,2003,"first","Turkey","Everyway That I Can"
"1172","closer",2,2003,"first","Turkey","Everyway That I Can"
"1173","feel",2,2003,"first","Turkey","Everyway That I Can"
"1174","wanna",2,2003,"first","Turkey","Everyway That I Can"
"1175","cry",1,2003,"first","Turkey","Everyway That I Can"
"1176","die",1,2003,"first","Turkey","Everyway That I Can"
"1177","distant",1,2003,"first","Turkey","Everyway That I Can"
"1178","don’t",1,2003,"first","Turkey","Everyway That I Can"
"1179","empty",1,2003,"first","Turkey","Everyway That I Can"
"1180","eyes",1,2003,"first","Turkey","Everyway That I Can"
"1181","frame",1,2003,"first","Turkey","Everyway That I Can"
"1182","girls",1,2003,"first","Turkey","Everyway That I Can"
"1183","hold",1,2003,"first","Turkey","Everyway That I Can"
"1184","huh",1,2003,"first","Turkey","Everyway That I Can"
"1185","mine",1,2003,"first","Turkey","Everyway That I Can"
"1186","missing",1,2003,"first","Turkey","Everyway That I Can"
"1187","moving",1,2003,"first","Turkey","Everyway That I Can"
"1188","overruled",1,2003,"first","Turkey","Everyway That I Can"
"1189","pass",1,2003,"first","Turkey","Everyway That I Can"
"1190","passed",1,2003,"first","Turkey","Everyway That I Can"
"1191","rest",1,2003,"first","Turkey","Everyway That I Can"
"1192","roll",1,2003,"first","Turkey","Everyway That I Can"
"1193","skies",1,2003,"first","Turkey","Everyway That I Can"
"1194","stare",1,2003,"first","Turkey","Everyway That I Can"
"1195","thinking",1,2003,"first","Turkey","Everyway That I Can"
"1196","uh",1,2003,"first","Turkey","Everyway That I Can"
"1197","versions",1,2003,"first","Turkey","Everyway That I Can"
"1198","we’ve",1,2003,"first","Turkey","Everyway That I Can"
"1199","world",1,2003,"first","Turkey","Everyway That I Can"
"1200","you’re",1,2003,"first","Turkey","Everyway That I Can"
"1201","you’ve",1,2003,"first","Turkey","Everyway That I Can"
"1202","wanna",8,2002,"first","Latvia","I Wanna"
"1203","ay",6,2002,"first","Latvia","I Wanna"
"1204","it’s",3,2002,"first","Latvia","I Wanna"
"1205","arms",2,2002,"first","Latvia","I Wanna"
"1206","crazy",2,2002,"first","Latvia","I Wanna"
"1207","easier",2,2002,"first","Latvia","I Wanna"
"1208","eyes",2,2002,"first","Latvia","I Wanna"
"1209","fly",2,2002,"first","Latvia","I Wanna"
"1210","game",2,2002,"first","Latvia","I Wanna"
"1211","lies",2,2002,"first","Latvia","I Wanna"
"1212","light",2,2002,"first","Latvia","I Wanna"
"1213","love",2,2002,"first","Latvia","I Wanna"
"1214","queen",2,2002,"first","Latvia","I Wanna"
"1215","shooting",2,2002,"first","Latvia","I Wanna"
"1216","spark",2,2002,"first","Latvia","I Wanna"
"1217","stars",2,2002,"first","Latvia","I Wanna"
"1218","sunshine",2,2002,"first","Latvia","I Wanna"
"1219","sweet",2,2002,"first","Latvia","I Wanna"
"1220","artful",1,2002,"first","Latvia","I Wanna"
"1221","don’t",1,2002,"first","Latvia","I Wanna"
"1222","emotions",1,2002,"first","Latvia","I Wanna"
"1223","fee",1,2002,"first","Latvia","I Wanna"
"1224","i’d",1,2002,"first","Latvia","I Wanna"
"1225","i’m",1,2002,"first","Latvia","I Wanna"
"1226","king",1,2002,"first","Latvia","I Wanna"
"1227","pay",1,2002,"first","Latvia","I Wanna"
"1228","play",1,2002,"first","Latvia","I Wanna"
"1229","ready",1,2002,"first","Latvia","I Wanna"
"1230","remember",1,2002,"first","Latvia","I Wanna"
"1231","rules",1,2002,"first","Latvia","I Wanna"
"1232","simple",1,2002,"first","Latvia","I Wanna"
"1233","stay",1,2002,"first","Latvia","I Wanna"
"1234","stray",1,2002,"first","Latvia","I Wanna"
"1235","support",1,2002,"first","Latvia","I Wanna"
"1236","sweat",1,2002,"first","Latvia","I Wanna"
"1237","tricks",1,2002,"first","Latvia","I Wanna"
"1238","wing",1,2002,"first","Latvia","I Wanna"
"1239","winner",1,2002,"first","Latvia","I Wanna"
"1240","you’ll",1,2002,"first","Latvia","I Wanna"
"1241","free",3,2002,"last","Denmark","Tell Me Who You Are"
"1242","mind",3,2002,"last","Denmark","Tell Me Who You Are"
"1243","runnin",3,2002,"last","Denmark","Tell Me Who You Are"
"1244","baby",2,2002,"last","Denmark","Tell Me Who You Are"
"1245","heart",2,2002,"last","Denmark","Tell Me Who You Are"
"1246","hide",2,2002,"last","Denmark","Tell Me Who You Are"
"1247","hold",2,2002,"last","Denmark","Tell Me Who You Are"
"1248","inside",2,2002,"last","Denmark","Tell Me Who You Are"
"1249","we’ll",2,2002,"last","Denmark","Tell Me Who You Are"
"1250","wrong",2,2002,"last","Denmark","Tell Me Who You Are"
"1251","arms",1,2002,"last","Denmark","Tell Me Who You Are"
"1252","confused",1,2002,"last","Denmark","Tell Me Who You Are"
"1253","dreams",1,2002,"last","Denmark","Tell Me Who You Are"
"1254","feelin",1,2002,"last","Denmark","Tell Me Who You Are"
"1255","flow",1,2002,"last","Denmark","Tell Me Who You Are"
"1256","i’m",1,2002,"last","Denmark","Tell Me Who You Are"
"1257","low",1,2002,"last","Denmark","Tell Me Who You Are"
"1258","river",1,2002,"last","Denmark","Tell Me Who You Are"
"1259","surrender",1,2002,"last","Denmark","Tell Me Who You Are"
"1260","sweet",1,2002,"last","Denmark","Tell Me Who You Are"
"1261","versions",1,2002,"last","Denmark","Tell Me Who You Are"
"1262","whisper",1,2002,"last","Denmark","Tell Me Who You Are"
"1263","word",1,2002,"last","Denmark","Tell Me Who You Are"
"1264","feel",3,2001,"first","Estonia","Everybody"
"1265","hit",3,2001,"first","Estonia","Everybody"
"1266","roof",3,2001,"first","Estonia","Everybody"
"1267","sing",3,2001,"first","Estonia","Everybody"
"1268","carpet",2,2001,"first","Estonia","Everybody"
"1269","door",2,2001,"first","Estonia","Everybody"
"1270","floor",2,2001,"first","Estonia","Everybody"
"1271","hey",2,2001,"first","Estonia","Everybody"
"1272","kick",2,2001,"first","Estonia","Everybody"
"1273","laugh",2,2001,"first","Estonia","Everybody"
"1274","let’s",2,2001,"first","Estonia","Everybody"
"1275","night",2,2001,"first","Estonia","Everybody"
"1276","ready",2,2001,"first","Estonia","Everybody"
"1277","sadness",2,2001,"first","Estonia","Everybody"
"1278","time",2,2001,"first","Estonia","Everybody"
"1279","yeah",2,2001,"first","Estonia","Everybody"
"1280","aha",1,2001,"first","Estonia","Everybody"
"1281","bet",1,2001,"first","Estonia","Everybody"
"1282","chance",1,2001,"first","Estonia","Everybody"
"1283","dance",1,2001,"first","Estonia","Everybody"
"1284","dave",1,2001,"first","Estonia","Everybody"
"1285","fade",1,2001,"first","Estonia","Everybody"
"1286","feels",1,2001,"first","Estonia","Everybody"
"1287","friday",1,2001,"first","Estonia","Everybody"
"1288","guess",1,2001,"first","Estonia","Everybody"
"1289","haha",1,2001,"first","Estonia","Everybody"
"1290","handsome",1,2001,"first","Estonia","Everybody"
"1291","heart",1,2001,"first","Estonia","Everybody"
"1292","hearts",1,2001,"first","Estonia","Everybody"
"1293","here’s",1,2001,"first","Estonia","Everybody"
"1294","ladies",1,2001,"first","Estonia","Everybody"
"1295","light",1,2001,"first","Estonia","Everybody"
"1296","live",1,2001,"first","Estonia","Everybody"
"1297","moment",1,2001,"first","Estonia","Everybody"
"1298","moves",1,2001,"first","Estonia","Everybody"
"1299","night’s",1,2001,"first","Estonia","Everybody"
"1300","party",1,2001,"first","Estonia","Everybody"
"1301","power",1,2001,"first","Estonia","Everybody"
"1302","roll",1,2001,"first","Estonia","Everybody"
"1303","song",1,2001,"first","Estonia","Everybody"
"1304","spark",1,2001,"first","Estonia","Everybody"
"1305","spirit",1,2001,"first","Estonia","Everybody"
"1306","starlight",1,2001,"first","Estonia","Everybody"
"1307","stays",1,2001,"first","Estonia","Everybody"
"1308","won’t",1,2001,"first","Estonia","Everybody"
"1309","left",3,2001,"last","Norway","On My Own"
"1310","i’m",2,2001,"last","Norway","On My Own"
"1311","i’ve",2,2001,"last","Norway","On My Own"
"1312","lead",2,2001,"last","Norway","On My Own"
"1313","life",2,2001,"last","Norway","On My Own"
"1314","paradise",2,2001,"last","Norway","On My Own"
"1315","road",2,2001,"last","Norway","On My Own"
"1316","winding",2,2001,"last","Norway","On My Own"
"1317","belong",1,2001,"last","Norway","On My Own"
"1318","change",1,2001,"last","Norway","On My Own"
"1319","curtains",1,2001,"last","Norway","On My Own"
"1320","day",1,2001,"last","Norway","On My Own"
"1321","fall",1,2001,"last","Norway","On My Own"
"1322","found",1,2001,"last","Norway","On My Own"
"1323","mine",1,2001,"last","Norway","On My Own"
"1324","path",1,2001,"last","Norway","On My Own"
"1325","realised",1,2001,"last","Norway","On My Own"
"1326","tender",1,2001,"last","Norway","On My Own"
"1327","time",1,2001,"last","Norway","On My Own"
"1328","true",1,2001,"last","Norway","On My Own"
"1329","world",1,2001,"last","Norway","On My Own"
"1330","wouldn’t",1,2001,"last","Norway","On My Own"
"1331","fly",6,2000,"first","Denmark","Fly on the Wings of Love"
"1332","love",6,2000,"first","Denmark","Fly on the Wings of Love"
"1333","there’s",3,2000,"first","Denmark","Fly on the Wings of Love"
"1334","add",2,2000,"first","Denmark","Fly on the Wings of Love"
"1335","baby",2,2000,"first","Denmark","Fly on the Wings of Love"
"1336","hand",2,2000,"first","Denmark","Fly on the Wings of Love"
"1337","i’d",2,2000,"first","Denmark","Fly on the Wings of Love"
"1338","i’ve",2,2000,"first","Denmark","Fly on the Wings of Love"
"1339","reaching",2,2000,"first","Denmark","Fly on the Wings of Love"
"1340","she’s",2,2000,"first","Denmark","Fly on the Wings of Love"
"1341","sky",2,2000,"first","Denmark","Fly on the Wings of Love"
"1342","stars",2,2000,"first","Denmark","Fly on the Wings of Love"
"1343","touching",2,2000,"first","Denmark","Fly on the Wings of Love"
"1344","wings",2,2000,"first","Denmark","Fly on the Wings of Love"
"1345","bright",1,2000,"first","Denmark","Fly on the Wings of Love"
"1346","daylight’s",1,2000,"first","Denmark","Fly on the Wings of Love"
"1347","feelin",1,2000,"first","Denmark","Fly on the Wings of Love"
"1348","feeling",1,2000,"first","Denmark","Fly on the Wings of Love"
"1349","forever",1,2000,"first","Denmark","Fly on the Wings of Love"
"1350","happy",1,2000,"first","Denmark","Fly on the Wings of Love"
"1351","heat",1,2000,"first","Denmark","Fly on the Wings of Love"
"1352","i’m",1,2000,"first","Denmark","Fly on the Wings of Love"
"1353","lot",1,2000,"first","Denmark","Fly on the Wings of Love"
"1354","lucky",1,2000,"first","Denmark","Fly on the Wings of Love"
"1355","moon",1,2000,"first","Denmark","Fly on the Wings of Love"
"1356","nights",1,2000,"first","Denmark","Fly on the Wings of Love"
"1357","sand",1,2000,"first","Denmark","Fly on the Wings of Love"
"1358","shines",1,2000,"first","Denmark","Fly on the Wings of Love"
"1359","smiling",1,2000,"first","Denmark","Fly on the Wings of Love"
"1360","softest",1,2000,"first","Denmark","Fly on the Wings of Love"
"1361","summer",1,2000,"first","Denmark","Fly on the Wings of Love"
"1362","time",1,2000,"first","Denmark","Fly on the Wings of Love"
"1363","versions",1,2000,"first","Denmark","Fly on the Wings of Love"
"1364","love",9,2000,"last","Finland","A Little Bit"
"1365","it’s",7,2000,"last","Finland","A Little Bit"
"1366","bigger",2,2000,"last","Finland","A Little Bit"
"1367","bit",2,2000,"last","Finland","A Little Bit"
"1368","breathe",2,2000,"last","Finland","A Little Bit"
"1369","feel",2,2000,"last","Finland","A Little Bit"
"1370","heart",2,2000,"last","Finland","A Little Bit"
"1371","home",2,2000,"last","Finland","A Little Bit"
"1372","i’m",2,2000,"last","Finland","A Little Bit"
"1373","makes",2,2000,"last","Finland","A Little Bit"
"1374","smiling",2,2000,"last","Finland","A Little Bit"
"1375","amsterdam",1,2000,"last","Finland","A Little Bit"
"1376","berlin",1,2000,"last","Finland","A Little Bit"
"1377","bern",1,2000,"last","Finland","A Little Bit"
"1378","born",1,2000,"last","Finland","A Little Bit"
"1379","change",1,2000,"last","Finland","A Little Bit"
"1380","dawn",1,2000,"last","Finland","A Little Bit"
"1381","dull",1,2000,"last","Finland","A Little Bit"
"1382","feels",1,2000,"last","Finland","A Little Bit"
"1383","finland",1,2000,"last","Finland","A Little Bit"
"1384","france",1,2000,"last","Finland","A Little Bit"
"1385","harmony",1,2000,"last","Finland","A Little Bit"
"1386","laughter",1,2000,"last","Finland","A Little Bit"
"1387","life",1,2000,"last","Finland","A Little Bit"
"1388","live",1,2000,"last","Finland","A Little Bit"
"1389","lived",1,2000,"last","Finland","A Little Bit"
"1390","low",1,2000,"last","Finland","A Little Bit"
"1391","matters",1,2000,"last","Finland","A Little Bit"
"1392","monotone",1,2000,"last","Finland","A Little Bit"
"1393","people",1,2000,"last","Finland","A Little Bit"
"1394","prague",1,2000,"last","Finland","A Little Bit"
"1395","rome",1,2000,"last","Finland","A Little Bit"
"1396","share",1,2000,"last","Finland","A Little Bit"
"1397","spain",1,2000,"last","Finland","A Little Bit"
"1398","stand",1,2000,"last","Finland","A Little Bit"
"1399","strive",1,2000,"last","Finland","A Little Bit"
"1400","sweden",1,2000,"last","Finland","A Little Bit"
"1401","tears",1,2000,"last","Finland","A Little Bit"
"1402","there’s",1,2000,"last","Finland","A Little Bit"
"1403","thick",1,2000,"last","Finland","A Little Bit"
"1404","thin",1,2000,"last","Finland","A Little Bit"
"1405","times",1,2000,"last","Finland","A Little Bit"
"1406","u.k",1,2000,"last","Finland","A Little Bit"
"1407","unify",1,2000,"last","Finland","A Little Bit"
"1408","world",1,2000,"last","Finland","A Little Bit"
"1409","heaven",7,1999,"first","Sweeden","Take Me to Your Heaven"
"1410","i’m",3,1999,"first","Sweeden","Take Me to Your Heaven"
"1411","mine",3,1999,"first","Sweeden","Take Me to Your Heaven"
"1412","cold",2,1999,"first","Sweeden","Take Me to Your Heaven"
"1413","dream",2,1999,"first","Sweeden","Take Me to Your Heaven"
"1414","flyin",2,1999,"first","Sweeden","Take Me to Your Heaven"
"1415","gonna",2,1999,"first","Sweeden","Take Me to Your Heaven"
"1416","heart",2,1999,"first","Sweeden","Take Me to Your Heaven"
"1417","hold",2,1999,"first","Sweeden","Take Me to Your Heaven"
"1418","journey",2,1999,"first","Sweeden","Take Me to Your Heaven"
"1419","lonely",2,1999,"first","Sweeden","Take Me to Your Heaven"
"1420","love",2,1999,"first","Sweeden","Take Me to Your Heaven"
"1421","nights",2,1999,"first","Sweeden","Take Me to Your Heaven"
"1422","stars",2,1999,"first","Sweeden","Take Me to Your Heaven"
"1423","till",2,1999,"first","Sweeden","Take Me to Your Heaven"
"1424","time",2,1999,"first","Sweeden","Take Me to Your Heaven"
"1425","won’t",2,1999,"first","Sweeden","Take Me to Your Heaven"
"1426","body",1,1999,"first","Sweeden","Take Me to Your Heaven"
"1427","control",1,1999,"first","Sweeden","Take Me to Your Heaven"
"1428","dancin",1,1999,"first","Sweeden","Take Me to Your Heaven"
"1429","emotions",1,1999,"first","Sweeden","Take Me to Your Heaven"
"1430","feel",1,1999,"first","Sweeden","Take Me to Your Heaven"
"1431","heartbeats",1,1999,"first","Sweeden","Take Me to Your Heaven"
"1432","kiss",1,1999,"first","Sweeden","Take Me to Your Heaven"
"1433","knowin",1,1999,"first","Sweeden","Take Me to Your Heaven"
"1434","magical",1,1999,"first","Sweeden","Take Me to Your Heaven"
"1435","meet",1,1999,"first","Sweeden","Take Me to Your Heaven"
"1436","moonlight",1,1999,"first","Sweeden","Take Me to Your Heaven"
"1437","night",1,1999,"first","Sweeden","Take Me to Your Heaven"
"1438","paintin",1,1999,"first","Sweeden","Take Me to Your Heaven"
"1439","reachin",1,1999,"first","Sweeden","Take Me to Your Heaven"
"1440","shadows",1,1999,"first","Sweeden","Take Me to Your Heaven"
"1441","silver",1,1999,"first","Sweeden","Take Me to Your Heaven"
"1442","slowly",1,1999,"first","Sweeden","Take Me to Your Heaven"
"1443","sound",1,1999,"first","Sweeden","Take Me to Your Heaven"
"1444","steps",1,1999,"first","Sweeden","Take Me to Your Heaven"
"1445","surrender",1,1999,"first","Sweeden","Take Me to Your Heaven"
"1446","sweet",1,1999,"first","Sweeden","Take Me to Your Heaven"
"1447","tender",1,1999,"first","Sweeden","Take Me to Your Heaven"
"1448","versions",1,1999,"first","Sweeden","Take Me to Your Heaven"
"1449","wall",1,1999,"first","Sweeden","Take Me to Your Heaven"
"1450","warm",1,1999,"first","Sweeden","Take Me to Your Heaven"
"1451","don’t",4,1999,"last","Ireland","When You Need Me"
"1452","i’ll",2,1999,"last","Ireland","When You Need Me"
"1453","i’m",2,1999,"last","Ireland","When You Need Me"
"1454","yesterday",2,1999,"last","Ireland","When You Need Me"
"1455","child",1,1999,"last","Ireland","When You Need Me"
"1456","eyes",1,1999,"last","Ireland","When You Need Me"
"1457","feel",1,1999,"last","Ireland","When You Need Me"
"1458","fool",1,1999,"last","Ireland","When You Need Me"
"1459","i’d",1,1999,"last","Ireland","When You Need Me"
"1460","i’ve",1,1999,"last","Ireland","When You Need Me"
"1461","inside",1,1999,"last","Ireland","When You Need Me"
"1462","inspiration",1,1999,"last","Ireland","When You Need Me"
"1463","leave",1,1999,"last","Ireland","When You Need Me"
"1464","pain",1,1999,"last","Ireland","When You Need Me"
"1465","rain",1,1999,"last","Ireland","When You Need Me"
"1466","slip",1,1999,"last","Ireland","When You Need Me"
"1467","swear",1,1999,"last","Ireland","When You Need Me"
"1468","there’s",1,1999,"last","Ireland","When You Need Me"
"1469","understand",1,1999,"last","Ireland","When You Need Me"
"1470","wishing",1,1999,"last","Ireland","When You Need Me"
"1471","you’ve",1,1999,"last","Ireland","When You Need Me"
